word_id,vocab_words
0,http
1,use
2,list
3,email
4,get
5,mail
6,one
7,free
8,time
9,work
10,messag
11,make
12,like
13,would
14,peopl
15,inform
16,new
17,receiv
18,pleas
19,busi
20,address
21,click
22,want
23,us
24,need
25,order
26,remov
27,also
28,go
29,send
30,year
31,money
32,file
33,compani
34,system
35,name
36,wrote
37,report
38,way
39,user
40,look
41,site
42,chang
43,day
44,know
45,state
46,program
47,may
48,see
49,call
50,could
51,group
52,even
53,think
54,includ
55,linux
56,first
57,offer
58,take
59,say
60,servic
61,right
62,world
63,tri
64,help
65,find
66,market
67,internet
68,product
69,mani
70,much
71,home
72,said
73,web
74,softwar
75,problem
76,date
77,line
78,spam
79,check
80,start
81,number
82,run
83,good
84,thing
85,link
86,well
87,subject
88,phone
89,interest
90,govern
91,person
92,provid
93,set
94,today
95,come
96,best
97,give
98,million
99,server
100,follow
101,back
102,form
103,rate
104,month
105,everi
106,secur
107,gener
108,price
109,url
110,still
111,comput
112,packag
113,instal
114,avail
115,sent
116,code
117,commun
118,life
119,version
120,read
121,sinc
122,ad
123,grant
124,maintain
125,sponsor
126,thank
127,network
128,credit
129,two
130,differ
131,without
132,made
133,develop
134,within
135,support
136,week
137,write
138,save
139,realli
140,case
141,page
142,subscript
143,someth
144,irish
145,current
146,un
147,last
148,anyon
149,onlin
150,complet
151,sure
152,requir
153,seem
154,card
155,build
156,custom
157,manag
158,never
159,de
160,ilug
161,better
162,window
163,special
164,keep
165,ca
166,point
167,place
168,search
169,anoth
170,per
171,found
172,access
173,actual
174,repli
175,result
176,contact
177,question
178,part
179,base
180,futur
181,listmast
182,issu
183,old
184,put
185,wish
186,next
187,long
188,let
189,countri
190,live
191,must
192,hour
193,end
194,invest
195,mean
196,process
197,easi
198,unsubscrib
199,lot
200,unit
201,great
202,got
203,guarante
204,show
205,account
206,nation
207,technolog
208,might
209,power
210,releas
211,legal
212,cost
213,data
214,allow
215,sourc
216,success
217,news
218,engin
219,possibl
220,trade
221,profession
222,idea
223,increas
224,post
225,pay
226,ask
227,advertis
228,public
229,error
230,open
231,test
232,websit
233,opportun
234,real
235,sell
236,ever
237,less
238,insur
239,respons
240,plan
241,design
242,tell
243,creat
244,visit
245,word
246,buy
247,howev
248,prefer
249,reason
250,heaven
251,effect
252,someon
253,aug
254,cd
255,law
256,sale
257,improv
258,applic
259,around
260,instead
261,fact
262,least
263,box
264,dollar
265,ye
266,rpm
267,american
268,fix
269,job
270,copi
271,simpl
272,probabl
273,origin
274,cours
275,believ
276,fax
277,contain
278,move
279,type
280,happen
281,friend
282,though
283,littl
284,total
285,financi
286,share
287,welcom
288,request
289,add
290,exampl
291,abl
292,els
293,client
294,format
295,perl
296,anyth
297,valu
298,simpli
299,alway
300,high
301,alreadi
302,protect
303,fill
304,full
305,cash
306,feel
307,mailto
308,directori
309,import
310,regard
311,stop
312,purchas
313,bit
314,signatur
315,licens
316,note
317,intern
318,experi
319,polici
320,answer
321,exist
322,return
323,updat
324,past
325,learn
326,famili
327,info
328,sep
329,top
330,geek
331,becom
332,ship
333,age
334,act
335,lead
336,instruct
337,small
338,drive
339,suppli
340,control
341,second
342,member
343,databas
344,low
345,select
346,thousand
347,recent
348,incom
349,featur
350,citi
351,etc
352,stuff
353,minut
354,limit
355,done
356,industri
357,yet
358,turn
359,sever
360,appli
361,folder
362,tool
363,continu
364,understand
365,detail
366,c
367,guid
368,everyth
369,noth
370,step
371,exmh
372,oper
373,notic
374,enough
375,big
376,claim
377,e
378,sign
379,care
380,univers
381,letter
382,caus
383,larg
384,key
385,three
386,hard
387,thinkgeek
388,other
389,connect
390,bill
391,record
392,thu
393,accept
394,discuss
395,term
396,play
397,offic
398,via
399,specif
400,pgp
401,talk
402,text
403,option
404,america
405,mayb
406,deal
407,direct
408,immedi
409,download
410,major
411,seen
412,hope
413,forc
414,subscrib
415,comment
416,kind
417,thought
418,individu
419,decid
420,rule
421,plu
422,log
423,lose
424,method
425,natur
426,matter
427,risk
428,true
429,either
430,yahoo
431,rememb
432,assist
433,content
434,present
435,quot
436,rather
437,mime
438,away
439,wait
440,bank
441,r
442,kernel
443,fund
444,hand
445,local
446,project
447,secret
448,hundr
449,loan
450,level
451,train
452,matthia
453,corpor
454,research
455,consid
456,area
457,razor
458,forward
459,august
460,book
461,addit
462,root
463,stori
464,polit
465,machin
466,bad
467,target
468,benefit
469,standard
470,entir
471,war
472,quit
473,suggest
474,appear
475,document
476,copyright
477,global
478,bodi
479,presid
480,author
481,bug
482,posit
483,often
484,expect
485,mind
486,center
487,distribut
488,human
489,juli
490,septemb
491,grow
492,ago
493,jul
494,hit
495,qualiti
496,trust
497,size
498,partner
499,easili
500,island
501,absolut
502,agent
503,pm
504,whether
505,love
506,join
507,activ
508,given
509,b
510,solut
511,involv
512,collect
513,amount
514,happi
515,associ
516,fast
517,charg
518,domain
519,man
520,promot
521,whole
522,dvd
523,earn
524,sort
525,far
526,parti
527,fork
528,later
529,hi
530,feder
531,submit
532,upon
533,mortgag
534,meet
535,wed
536,potenti
537,wrong
538,refer
539,nice
540,enter
541,tm
542,load
543,transact
544,almost
545,social
546,wonder
547,publish
548,john
549,econom
550,singl
551,discov
552,red
553,reach
554,everyon
555,close
556,view
557,fail
558,pass
559,execut
560,sound
561,depend
562,privat
563,perform
564,profit
565,women
566,broadcast
567,attack
568,newslett
569,paid
570,relat
571,automat
572,effort
573,statement
574,contract
575,mark
576,delet
577,media
578,foreign
579,begin
580,compil
581,sequenc
582,final
583,regist
584,miss
585,bush
586,spamassassin
587,x
588,figur
589,cell
590,stock
591,command
592,handl
593,header
594,similar
595,action
596,locat
597,display
598,pick
599,game
600,tuesday
601,transfer
602,templ
603,disk
604,wo
605,hat
606,digit
607,produc
608,chri
609,soon
610,event
611,known
612,track
613,print
614,articl
615,longer
616,tax
617,properti
618,function
619,pretti
620,mention
621,toner
622,default
623,commiss
624,men
625,dear
626,store
627,pc
628,debt
629,oblig
630,hous
631,respect
632,microsoft
633,sun
634,upgrad
635,due
636,script
637,organ
638,enenkio
639,bulk
640,imag
641,administr
642,weight
643,payment
644,daili
645,health
646,along
647,freedom
648,practic
649,bonu
650,net
651,half
652,billion
653,worth
654,capit
655,cartridg
656,propos
657,usa
658,offici
659,resourc
660,strategi
661,languag
662,came
663,anyway
664,leav
665,late
666,platform
667,concern
668,exactli
669,clear
670,remain
671,street
672,devic
673,assum
674,html
675,car
676,lost
677,review
678,la
679,ok
680,tire
681,ignor
682,head
683,interact
684,n
685,tue
686,went
687,hear
688,respond
689,tablet
690,deliv
691,taken
692,independ
693,bring
694,perhap
695,configur
696,clean
697,compar
698,qualifi
699,averag
700,space
701,watch
702,press
703,fine
704,invok
705,short
706,school
707,expens
708,recommend
709,retail
710,fee
711,host
712,field
713,memori
714,membership
715,enabl
716,fall
717,consult
718,guess
719,huge
720,xml
721,extrem
722,usual
723,edit
724,suit
725,choos
726,except
727,common
728,agre
729,warn
730,advantag
731,en
732,port
733,region
734,normal
735,materi
736,educ
737,side
738,abil
739,announc
740,fri
741,basic
742,told
743,cheer
744,drop
745,dream
746,guy
747,item
748,le
749,five
750,paper
751,although
752,main
753,vulner
754,readi
755,spend
756,growth
757,hold
758,replac
759,electron
760,model
761,win
762,confidenti
763,left
764,face
765,studi
766,unseen
767,interfac
768,altern
769,loss
770,mon
771,reserv
772,accord
773,kingdom
774,safe
775,intend
776,choic
777,approv
778,implement
779,rest
780,multipl
781,oz
782,histori
783,id
784,situat
785,commerci
786,extra
787,moment
788,section
789,chanc
790,combin
791,investig
792,employ
793,insid
794,togeth
795,quick
796,initi
797,pictur
798,coupl
799,purpos
800,confirm
801,msg
802,goe
803,advanc
804,break
805,monday
806,util
807,j
808,avoid
809,across
810,court
811,unless
812,fals
813,burn
814,object
815,particular
816,energi
817,express
818,score
819,male
820,video
821,et
822,india
823,societi
824,indic
825,took
826,owner
827,sens
828,p
829,count
830,speed
831,filter
832,agenc
833,correct
834,directli
835,die
836,four
837,variou
838,anywher
839,procedur
840,profil
841,cut
842,match
843,uniqu
844,period
845,especi
846,black
847,gpl
848,ventur
849,seek
850,sex
851,kevin
852,piec
853,consum
854,whatev
855,certain
856,investor
857,behalf
858,spammer
859,setup
860,class
861,color
862,explain
863,knowledg
864,adam
865,popul
866,gain
867,remot
868,tip
869,oh
870,latest
871,dagga
872,atol
873,militari
874,unison
875,block
876,ftp
877,lawrenc
878,unix
879,gari
880,googl
881,marshal
882,south
883,patch
884,tv
885,shop
886,team
887,valuabl
888,switch
889,establish
890,smoke
891,java
892,aaaaaaaaaaaaaaaaaaaaaaaaaaaaaaaaaaaaaaaaaaaaaaaaaaaaaaaaaaaaaaaaaaaaaaaaaaaa
893,ragga
894,imagin
895,integr
896,prevent
897,robert
898,boot
899,attempt
900,third
901,prepar
902,privaci
903,will
904,folk
905,particip
906,sorri
907,sometim
908,heard
909,hardwar
910,necessari
911,manual
912,tag
913,bottl
914,screen
915,reduc
916,york
917,congress
918,saou
919,night
920,fastest
921,china
922,certainli
923,sa
924,backup
925,valid
926,cover
927,stand
928,suppos
929,depart
930,enjoy
931,mass
932,goal
933,seriou
934,driver
935,alb
936,regul
937,obtain
938,path
939,capabl
940,competit
941,botan
942,lower
943,amaz
944,h
945,speak
946,land
947,promis
948,fulli
949,medic
950,poor
951,deathtospamdeathtospamdeathtospam
952,scienc
953,introduc
954,traffic
955,extend
956,apolog
957,lowest
958,describ
959,movi
960,defin
961,troubl
962,titl
963,paul
964,cv
965,neg
966,exchang
967,film
968,easier
969,f
970,rang
971,os
972,wireless
973,osdn
974,decis
975,sender
976,approach
977,death
978,technic
979,six
980,murphi
981,predict
982,earli
983,fortun
984,fat
985,redhat
986,written
987,commit
988,quickli
989,beberg
990,white
991,kill
992,im
993,telephon
994,king
995,worri
996,sold
997,seventh
998,firm
999,michael
1000,uk
1001,apt
1002,ham
1003,mobil
1004,music
1005,judgment
1006,ensur
1007,economi
1008,desir
1009,father
1010,north
1011,attach
1012,premium
1013,opinion
1014,faster
1015,player
1016,librari
1017,definit
1018,appar
1019,achiev
1020,argument
1021,archiv
1022,button
1023,adult
1024,enterpris
1025,techniqu
1026,bar
1027,travel
1028,separ
1029,threat
1030,cooper
1031,demand
1032,deserv
1033,board
1034,browser
1035,modul
1036,hello
1037,anim
1038,outsid
1039,condit
1040,estat
1041,david
1042,wide
1043,terrorist
1044,elimin
1045,enhanc
1046,stay
1047,dave
1048,attent
1049,repres
1050,children
1051,expert
1052,cabl
1053,determin
1054,pain
1055,wall
1056,drug
1057,virtual
1058,washington
1059,environ
1060,gnupg
1061,sincer
1062,modifi
1063,kid
1064,held
1065,monthli
1066,declar
1067,permiss
1068,danger
1069,signific
1070,fun
1071,l
1072,confid
1073,iii
1074,g
1075,w
1076,relev
1077,programm
1078,sum
1079,rich
1080,air
1081,diet
1082,canada
1083,cat
1084,equip
1085,cc
1086,none
1087,exclus
1088,proven
1089,popular
1090,forev
1091,justin
1092,bottom
1093,excel
1094,bitbitch
1095,usd
1096,paragraph
1097,expand
1098,central
1099,sexual
1100,string
1101,centuri
1102,skip
1103,factor
1104,friday
1105,anybodi
1106,identifi
1107,near
1108,monitor
1109,challeng
1110,relationship
1111,toward
1112,behind
1113,appreci
1114,excit
1115,director
1116,asset
1117,terror
1118,exercis
1119,confer
1120,perfect
1121,girl
1122,unsolicit
1123,citizen
1124,rais
1125,among
1126,defens
1127,rh
1128,progress
1129,whose
1130,discoveri
1131,rel
1132,hettinga
1133,west
1134,difficult
1135,sampl
1136,fit
1137,road
1138,thread
1139,colleg
1140,illeg
1141,photo
1142,entri
1143,intellig
1144,partit
1145,lender
1146,spain
1147,tie
1148,chief
1149,solv
1150,octob
1151,acquir
1152,confus
1153,seri
1154,william
1155,reader
1156,serv
1157,strong
1158,earth
1159,verifi
1160,stupid
1161,smart
1162,fair
1163,refin
1164,largest
1165,european
1166,measur
1167,instant
1168,tree
1169,mode
1170,san
1171,french
1172,extract
1173,regular
1174,equival
1175,sweet
1176,peac
1177,built
1178,slow
1179,resid
1180,lock
1181,conveni
1182,procmail
1183,reliabl
1184,mac
1185,oct
1186,laptop
1187,categori
1188,dead
1189,suse
1190,brian
1191,tradit
1192,datapow
1193,inlin
1194,front
1195,graphic
1196,tim
1197,warranti
1198,africa
1199,voic
1200,cach
1201,europ
1202,leader
1203,ident
1204,deliveri
1205,emerg
1206,realiz
1207,evid
1208,capillari
1209,ten
1210,pattern
1211,femal
1212,annuiti
1213,useless
1214,campaign
1215,art
1216,compat
1217,statu
1218,desktop
1219,gnu
1220,occur
1221,fire
1222,cultur
1223,therefor
1224,abus
1225,young
1226,gift
1227,herba
1228,concept
1229,previous
1230,physic
1231,satellit
1232,revenu
1233,higher
1234,institut
1235,brand
1236,inde
1237,aid
1238,deposit
1239,thursday
1240,convers
1241,walk
1242,launch
1243,june
1244,doubt
1245,contribut
1246,concentr
1247,nigeria
1248,otherwis
1249,ms
1250,degre
1251,roll
1252,forget
1253,weapon
1254,indian
1255,former
1256,echo
1257,wife
1258,arriv
1259,classifi
1260,honor
1261,repositori
1262,carri
1263,yeah
1264,pacif
1265,background
1266,compet
1267,unlimit
1268,listen
1269,token
1270,affili
1271,fight
1272,conflict
1273,recipi
1274,critic
1275,password
1276,sat
1277,storag
1278,powel
1279,unfortun
1280,app
1281,tech
1282,extens
1283,surpris
1284,discount
1285,percent
1286,isp
1287,water
1288,succeed
1289,sit
1290,jabber
1291,sleep
1292,assur
1293,civil
1294,basi
1295,hot
1296,effici
1297,hermio
1298,detect
1299,printer
1300,intro
1301,kept
1302,output
1303,substanti
1304,garrigu
1305,panel
1306,alsa
1307,scan
1308,pull
1309,enemi
1310,descript
1311,inc
1312,light
1313,jm
1314,menu
1315,proprietari
1316,worldwid
1317,catch
1318,ip
1319,attract
1320,tabl
1321,mine
1322,god
1323,disabl
1324,index
1325,joe
1326,nobodi
1327,advic
1328,revers
1329,wednesday
1330,v
1331,pudg
1332,saw
1333,truth
1334,gone
1335,structur
1336,agreement
1337,seven
1338,manufactur
1339,patent
1340,analysi
1341,euro
1342,vendor
1343,teach
1344,balanc
1345,cool
1346,vote
1347,lack
1348,k
1349,decad
1350,specifi
1351,morn
1352,room
1353,alon
1354,franc
1355,jame
1356,gold
1357,awar
1358,charact
1359,boston
1360,obvious
1361,california
1362,whitelist
1363,wast
1364,editor
1365,innov
1366,treat
1367,polic
1368,zip
1369,construct
1370,career
1371,financ
1372,tom
1373,highli
1374,ga
1375,journal
1376,clue
1377,u
1378,theori
1379,trick
1380,insert
1381,temperatur
1382,afford
1383,int
1384,touch
1385,impress
1386,constitut
1387,spec
1388,incred
1389,gcc
1390,ultim
1391,flag
1392,greater
1393,middl
1394,encourag
1395,son
1396,peni
1397,ebay
1398,brain
1399,correspond
1400,cent
1401,attorney
1402,usag
1403,anymor
1404,greg
1405,previou
1406,blank
1407,input
1408,master
1409,summari
1410,mechan
1411,mother
1412,hp
1413,jim
1414,trial
1415,larger
1416,boy
1417,blood
1418,wake
1419,annual
1420,dan
1421,stream
1422,el
1423,cbyi
1424,urgent
1425,suffer
1426,hate
1427,democrat
1428,mike
1429,pound
1430,focu
1431,cheap
1432,advis
1433,perman
1434,varieti
1435,particularli
1436,php
1437,star
1438,smtp
1439,judg
1440,underwrit
1441,mostli
1442,suspect
1443,speech
1444,skeptic
1445,flow
1446,instanc
1447,obviou
1448,vacat
1449,dynam
1450,wealth
1451,behavior
1452,mistak
1453,delay
1454,percentag
1455,toni
1456,super
1457,keyboard
1458,republ
1459,earlier
1460,eye
1461,dark
1462,warm
1463,destruct
1464,comfort
1465,binari
1466,rock
1467,firewal
1468,arm
1469,mailer
1470,ireland
1471,affect
1472,rick
1473,channel
1474,reveal
1475,woman
1476,telecom
1477,ban
1478,laserjet
1479,termin
1480,char
1481,essenti
1482,knew
1483,english
1484,rss
1485,se
1486,motiv
1487,steve
1488,heart
1489,tend
1490,consolid
1491,vipul
1492,domest
1493,consist
1494,principl
1495,alli
1496,prospect
1497,floppi
1498,btw
1499,skill
1500,recogn
1501,estim
1502,style
1503,core
1504,pack
1505,wing
1506,prompt
1507,highlight
1508,lawyer
1509,beta
1510,lifetim
1511,pipe
1512,bonus
1513,magazin
1514,defend
1515,unlik
1516,eventu
1517,dell
1518,somewher
1519,invit
1520,gnome
1521,opt
1522,nearli
1523,staff
1524,task
1525,role
1526,comprehens
1527,fl
1528,beat
1529,vehicl
1530,ftoc
1531,planta
1532,sensit
1533,audio
1534,clearli
1535,modem
1536,despit
1537,modern
1538,roman
1539,march
1540,hair
1541,python
1542,food
1543,histor
1544,ground
1545,map
1546,babi
1547,eat
1548,teledynam
1549,pocket
1550,biggest
1551,dn
1552,restor
1553,convert
1554,impact
1555,favor
1556,complianc
1557,commentari
1558,strongli
1559,revis
1560,suck
1561,bind
1562,fresh
1563,picasso
1564,eval
1565,strength
1566,shown
1567,conserv
1568,dragon
1569,mlm
1570,interview
1571,british
1572,minimum
1573,met
1574,senior
1575,config
1576,exploit
1577,peter
1578,coverag
1579,font
1580,texa
1581,stabl
1582,employe
1583,liber
1584,instantli
1585,dont
1586,gave
1587,truli
1588,equal
1589,permit
1590,mailbox
1591,spot
1592,mile
1593,protocol
1594,beyond
1595,doctor
1596,failur
1597,everybodi
1598,typic
1599,reli
1600,auto
1601,signal
1602,consider
1603,q
1604,brought
1605,tx
1606,synchron
1607,visa
1608,optim
1609,tape
1610,distanc
1611,proper
1612,led
1613,calcul
1614,showcas
1615,variabl
1616,al
1617,draw
1618,expir
1619,dial
1620,exact
1621,worst
1622,startup
1623,chines
1624,crash
1625,geeg
1626,translat
1627,revok
1628,annoy
1629,prove
1630,broker
1631,evil
1632,imposs
1633,yesterday
1634,boss
1635,plant
1636,finish
1637,stylu
1638,crimin
1639,neighbor
1640,extern
1641,hidden
1642,spent
1643,favorit
1644,strang
1645,foundat
1646,ran
1647,z
1648,repair
1649,bearer
1650,rare
1651,acknowledg
1652,feet
1653,bigger
1654,sir
1655,retriev
1656,sole
1657,netscap
1658,pop
1659,artist
1660,somebodi
1661,planet
1662,england
1663,evalu
1664,rob
1665,edward
1666,beauti
1667,scientist
1668,autom
1669,hack
1670,hell
1671,portion
1672,poverti
1673,rebuild
1674,equiti
1675,guidelin
1676,hotel
1677,serious
1678,properli
1679,safeti
1680,sport
1681,restrict
1682,jump
1683,gentl
1684,antiqu
1685,climat
1686,lie
1687,minor
1688,station
1689,prescript
1690,summer
1691,spread
1692,sunday
1693,explor
1694,bell
1695,push
1696,strip
1697,hire
1698,scheme
1699,ii
1700,correctli
1701,chicago
1702,iiu
1703,mount
1704,recruit
1705,fundament
1706,primari
1707,student
1708,para
1709,epson
1710,threaten
1711,shape
1712,headlin
1713,radio
1714,diseas
1715,entertain
1716,vou
1717,currenc
1718,lo
1719,becam
1720,protest
1721,spamd
1722,architectur
1723,husband
1724,damag
1725,hang
1726,proxi
1727,mainten
1728,happier
1729,seed
1730,resum
1731,recal
1732,herb
1733,merchant
1734,craig
1735,laser
1736,doubl
1737,stick
1738,van
1739,sendmail
1740,muscl
1741,remedi
1742,feroc
1743,plug
1744,prioriti
1745,disclaim
1746,viagra
1747,buyer
1748,exit
1749,corpu
1750,vast
1751,settlement
1752,angl
1753,feedback
1754,western
1755,moor
1756,somehow
1757,luck
1758,green
1759,ticket
1760,dozen
1761,reg
1762,creativ
1763,fantasi
1764,disappear
1765,ssh
1766,wors
1767,faith
1768,georg
1769,prior
1770,laugh
1771,hall
1772,camera
1773,reject
1774,child
1775,norton
1776,pour
1777,supplement
1778,aspect
1779,batteri
1780,hormon
1781,oil
1782,kathmandu
1783,tel
1784,usb
1785,symbol
1786,bother
1787,feed
1788,seminar
1789,realiti
1790,anonym
1791,broken
1792,shot
1793,democraci
1794,allianc
1795,eugen
1796,convent
1797,parent
1798,argu
1799,appeal
1800,acceler
1801,shall
1802,encrypt
1803,authent
1804,committe
1805,substanc
1806,entrepreneur
1807,doc
1808,arrang
1809,perfectli
1810,neither
1811,phrase
1812,à
1813,sponsorship
1814,park
1815,observ
1816,random
1817,convinc
1818,slightli
1819,statist
1820,funni
1821,shock
1822,serial
1823,electr
1824,mozilla
1825,legitim
1826,edificio
1827,appropri
1828,barcelona
1829,merg
1830,edg
1831,door
1832,queri
1833,auction
1834,strictli
1835,resolv
1836,east
1837,nort
1838,solari
1839,award
1840,empir
1841,meant
1842,hey
1843,refund
1844,highest
1845,frame
1846,ie
1847,tomorrow
1848,damn
1849,carrier
1850,fear
1851,repeat
1852,capac
1853,hunt
1854,bear
1855,daniel
1856,aphrodisia
1857,volum
1858,pressur
1859,surviv
1860,kelli
1861,stabil
1862,postal
1863,survey
1864,smaller
1865,union
1866,lesson
1867,trip
1868,owen
1869,te
1870,weekend
1871,arrest
1872,mason
1873,virus
1874,alter
1875,farquhar
1876,banner
1877,twice
1878,pablo
1879,bought
1880,strike
1881,mr
1882,fairli
1883,aggress
1884,odd
1885,declin
1886,amend
1887,herbal
1888,nt
1889,januari
1890,testimoni
1891,compon
1892,inbox
1893,gmt
1894,easiest
1895,welch
1896,cold
1897,harm
1898,race
1899,exclud
1900,violat
1901,complain
1902,zero
1903,prosaka
1904,ah
1905,duplic
1906,cancel
1907,winner
1908,promiscu
1909,appl
1910,licenc
1911,honest
1912,viru
1913,bunch
1914,mh
1915,mirror
1916,bandwidth
1917,deni
1918,debian
1919,nativ
1920,spray
1921,scam
1922,pill
1923,blog
1924,algorithm
1925,reduct
1926,md
1927,hmm
1928,farm
1929,ratio
1930,presum
1931,formula
1932,round
1933,audienc
1934,vari
1935,genet
1936,martin
1937,elsewher
1938,tab
1939,austin
1940,iraq
1941,bankruptci
1942,club
1943,reboot
1944,approxim
1945,compens
1946,â
1947,renew
1948,vjestika
1949,sea
1950,brief
1951,partnership
1952,analyst
1953,precis
1954,label
1955,gibbon
1956,gay
1957,possess
1958,split
1959,deploy
1960,weekli
1961,buffer
1962,reward
1963,mous
1964,porn
1965,massiv
1966,roger
1967,msgid
1968,saturday
1969,dramat
1970,plugin
1971,invent
1972,blue
1973,lift
1974,grand
1975,processor
1976,gordon
1977,envelop
1978,aol
1979,adopt
1980,rohit
1981,flash
1982,collabor
1983,ps
1984,prohibit
1985,ibm
1986,agreeabl
1987,dig
1988,fuck
1989,inspir
1990,sm
1991,complex
1992,writer
1993,anytim
1994,infrastructur
1995,retir
1996,environment
1997,cancer
1998,apart
1999,nvidia
2000,religion
2001,empti
2002,millionair
2003,engag
2004,that
2005,inconveni
2006,assembl
2007,length
2008,justic
2009,conduct
2010,shell
2011,thoma
2012,satisfi
2013,african
2014,northern
2015,ministri
2016,harley
2017,solicit
2018,plenti
2019,cycl
2020,schedul
2021,onto
2022,acquisit
2023,rout
2024,farmer
2025,distro
2026,enforc
2027,img
2028,encount
2029,began
2030,henc
2031,self
2032,clock
2033,rose
2034,experienc
2035,own
2036,bound
2037,duncan
2038,swap
2039,mere
2040,excess
2041,candid
2042,prosper
2043,registr
2044,newspap
2045,scale
2046,throw
2047,guido
2048,evolv
2049,pointer
2050,london
2051,conclud
2052,famou
2053,elect
2054,minim
2055,televis
2056,deep
2057,straight
2058,kate
2059,demonstr
2060,liter
2061,domin
2062,homeown
2063,transform
2064,wholesal
2065,grab
2066,attend
2067,russian
2068,toll
2069,wave
2070,chat
2071,christian
2072,unabl
2073,niall
2074,hors
2075,buck
2076,receipt
2077,boost
2078,oppos
2079,context
2080,rank
2081,lawsuit
2082,murder
2083,preserv
2084,mix
2085,colleagu
2086,glad
2087,crime
2088,valhalla
2089,religi
2090,resel
2091,remark
2092,assert
2093,skin
2094,da
2095,entiti
2096,loop
2097,russia
2098,proof
2099,attain
2100,corrupt
2101,blame
2102,co
2103,routin
2104,passphras
2105,numer
2106,moral
2107,vircio
2108,abacha
2109,scientif
2110,asia
2111,accur
2112,webmast
2113,tast
2114,inkjet
2115,forest
2116,marshalles
2117,replica
2118,tune
2119,icq
2120,destroy
2121,brent
2122,paypal
2123,newsgroup
2124,glm
2125,habea
2126,mathemat
2127,rise
2128,regardless
2129,yellow
2130,sheet
2131,bu
2132,chart
2133,bless
2134,formal
2135,frequent
2136,ben
2137,jar
2138,throughout
2139,yield
2140,brother
2141,victim
2142,null
2143,heavi
2144,hash
2145,po
2146,song
2147,na
2148,embed
2149,visitor
2150,column
2151,hint
2152,joseph
2153,mountain
2154,labor
2155,pro
2156,freebsd
2157,logic
2158,bay
2159,drink
2160,aim
2161,incompat
2162,pure
2163,branch
2164,remind
2165,limbo
2166,dog
2167,amateur
2168,classic
2169,trace
2170,mess
2171,consequ
2172,town
2173,chip
2174,ladi
2175,worker
2176,crap
2177,pars
2178,negoti
2179,imho
2180,violenc
2181,joke
2182,privileg
2183,gambl
2184,exhibit
2185,felt
2186,prize
2187,satisfact
2188,syntax
2189,export
2190,assign
2191,topic
2192,adapt
2193,opposit
2194,decemb
2195,exceed
2196,il
2197,spamtrap
2198,coast
2199,spirit
2200,que
2201,smoker
2202,focus
2203,est
2204,battl
2205,circumst
2206,incorpor
2207,complic
2208,pa
2209,specialist
2210,batch
2211,fan
2212,stage
2213,vice
2214,stamp
2215,byte
2216,appoint
2217,pursu
2218,lib
2219,cheaper
2220,tremend
2221,chairman
2222,florida
2223,liberti
2224,boundari
2225,entitl
2226,ui
2227,trivial
2228,sophist
2229,okay
2230,riaa
2231,compel
2232,keyword
2233,truck
2234,goto
2235,moder
2236,affair
2237,compress
2238,admit
2239,struggl
2240,lover
2241,airlin
2242,older
2243,dublin
2244,alan
2245,alert
2246,bet
2247,unwant
2248,sur
2249,gather
2250,unknown
2251,caught
2252,kit
2253,loos
2254,intel
2255,jodi
2256,strengthen
2257,sector
2258,owe
2259,album
2260,pioneer
2261,penni
2262,wear
2263,hole
2264,transmiss
2265,britain
2266,australia
2267,ideal
2268,surfac
2269,muslim
2270,airport
2271,mastercard
2272,margin
2273,ahead
2274,belief
2275,disclosur
2276,ownership
2277,ved
2278,trend
2279,dump
2280,jack
2281,weak
2282,reform
2283,outlook
2284,adjust
2285,wa
2286,maker
2287,relay
2288,palestinian
2289,ice
2290,encod
2291,weather
2292,scott
2293,stephen
2294,timeout
2295,suffici
2296,pickl
2297,msn
2298,stress
2299,raw
2300,refus
2301,majesti
2302,tin
2303,mplayer
2304,assumpt
2305,overal
2306,dice
2307,maximum
2308,marri
2309,lay
2310,hawaii
2311,captur
2312,wealthi
2313,chain
2314,sentenc
2315,ne
2316,influenc
2317,finger
2318,debug
2319,schuman
2320,curv
2321,egg
2322,magic
2323,propag
2324,portabl
2325,explan
2326,bone
2327,whatsoev
2328,lilo
2329,depress
2330,mandat
2331,crack
2332,shout
2333,dinosaur
2334,endeavor
2335,weird
2336,astronom
2337,holiday
2338,trademark
2339,submiss
2340,vision
2341,retain
2342,heck
2343,frustrat
2344,spring
2345,session
2346,silli
2347,catalog
2348,admin
2349,patrick
2350,ou
2351,scratch
2352,bomb
2353,fli
2354,outstand
2355,latter
2356,hacker
2357,rapidli
2358,gpg
2359,intellectu
2360,tower
2361,ethic
2362,settl
2363,inexpens
2364,circl
2365,spambay
2366,virginia
2367,unusu
2368,randomli
2369,movement
2370,buri
2371,francisco
2372,belong
2373,mysql
2374,hospit
2375,minist
2376,besid
2377,rah
2378,ar
2379,casino
2380,speaker
2381,ram
2382,api
2383,corner
2384,lean
2385,ton
2386,theme
2387,scholarship
2388,openssl
2389,organis
2390,pentium
2391,ez
2392,joint
2393,expos
2394,fuel
2395,proceed
2396,greatest
2397,prob
2398,du
2399,celebr
2400,iroijlaplap
2401,formul
2402,igtt
2403,jeremi
2404,hide
2405,tivo
2406,constant
2407,twenti
2408,snore
2409,preced
2410,ir
2411,germani
2412,recognit
2413,thirti
2414,ce
2415,plane
2416,abandon
2417,xxx
2418,necessarili
2419,intent
2420,bsd
2421,openssh
2422,marriag
2423,arg
2424,german
2425,recov
2426,maxim
2427,wild
2428,season
2429,dr
2430,jurisdict
2431,fp
2432,element
2433,es
2434,une
2435,richard
2436,greet
2437,draft
2438,harvest
2439,relax
2440,conclus
2441,japan
2442,framework
2443,armi
2444,tweak
2445,forum
2446,potent
2447,subsequ
2448,invalid
2449,trader
2450,shoot
2451,council
2452,distributor
2453,anthoni
2454,telecommun
2455,fashion
2456,notifi
2457,boom
2458,angel
2459,decreas
2460,magnitud
2461,hook
2462,burner
2463,layer
2464,everywher
2465,asian
2466,contest
2467,tobacco
2468,milter
2469,advisor
2470,till
2471,elig
2472,con
2473,capitalist
2474,maxaman
2475,pci
2476,ratak
2477,raid
2478,crazi
2479,render
2480,scope
2481,rm
2482,leas
2483,scenario
2484,freez
2485,pleasur
2486,murjel
2487,bob
2488,ximian
2489,mutual
2490,dedic
2491,bond
2492,quarter
2493,zone
2494,commerc
2495,flight
2496,presenc
2497,disagre
2498,bullet
2499,overnight
